{
  "src": [
    "./assets/audio/sounds.mp3",
    "./assets/audio/sounds.ogg",
    "./assets/audio/sounds.m4a",
    "./assets/audio/sounds.ac3"
  ],
  "sprite": {
    "bgm_freespin": [
      0,
      36090.249433106575,true
    ],
    "bgm_main": [
      38000,
      34909.070294784586,true
    ],
    "bgm_winlevel_big": [
      74000,
      6575.351473922908,true
    ],
    "bgm_winlevel_epic": [
      82000,
      6575.374149659865,true
    ],
    "bgm_winlevel_max": [
      90000,
      6575.351473922908,true
    ],
    "bgm_winlevel_mega": [
      98000,
      6575.374149659865,true
    ],
    "bgm_winlevel_superwin": [
      106000,
      6575.374149659865,true
    ],
    "jng_intro_fs": [
      114000,
      511.5873015872978
    ],
    "Pop_up_Sound": [
      116000,
      511.5873015872978
    ],
    "sfx_anticipation_start": [
      118000,
      1000
    ],
    "sfx_anticipation": [
      120000,
      7681.065759637193
    ],
    "sfx_bigwin_coinloop": [
      129000,
      17125.011337868473
    ],
    "sfx_btn_general": [
      148000,
      168.8662131519152
    ],
    "sfx_btn_spin": [
      150000,
      196.07709750567892
    ],
    "sfx_fs_respins": [
      152000,
      4062.49433106575
    ],
    "sfx_multiplier_combine_a": [
      158000,
      821.9274376417331
    ],
    "sfx_multiplier_combine_b": [
      160000,
      821.9274376417331
    ],
    "sfx_multiplier_explosion_a": [
      162000,
      821.9274376417331
    ],
    "sfx_multiplier_explosion_b": [
      164000,
      821.9274376417331
    ],
    "sfx_multiplier_explosion_c": [
      166000,
      821.9274376417331
    ],
    "sfx_multiplier_landing": [
      168000,
      821.9274376417331
    ],
    "sfx_multiplier_reset": [
      170000,
      584.4217687074718
    ],
    "sfx_multiplier_update": [
      172000,
      1607.823129251699
    ],
    "sfx_multiplier_up": [
      175000,
      1499.2517006802757
    ],
    "sfx_multiplier_win": [
      178000,
      3791.678004535157
    ],
    "sfx_reel_stop_1": [
      183000,
      300.00000000001137
    ],
    "sfx_reel_stop_2": [
      185000,
      300.00000000001137
    ],
    "sfx_reel_stop_3": [
      187000,
      300.00000000001137
    ],
    "sfx_reel_stop_4": [
      189000,
      300.00000000001137
    ],
    "sfx_reel_stop_5": [
      191000,
      300.00000000001137
    ],
    "sfx_royals_landing": [
      193000,
      1199.229024943321
    ],
    "sfx_scatter_reveal": [
      196000,
      2054.8299319727903
    ],
    "sfx_scatter_stop_1": [
      200000,
      994.8526077097597
    ],
    "sfx_scatter_stop_2": [
      202000,
      1344.7845804988674
    ],
    "sfx_scatter_stop_3": [
      205000,
      1060.5215419501235
    ],
    "sfx_scatter_stop_4": [
      208000,
      996.1451247165485
    ],
    "sfx_scatter_stop_5": [
      210000,
      997.5283446711956
    ],
    "sfx_scatter_win_v2": [
      212000,
      3670.3401360544203
    ],
    "sfx_scatter_win": [
      217000,
      1992.970521541963
    ],
    "sfx_superfreespin": [
      220000,
      821.9274376417331
    ],
    "sfx_symbols_landing": [
      222000,
      821.9274376417331
    ],
    "sfx_wild_explode": [
      224000,
      1401.2244897959079
    ],
    "sfx_winlevel_end": [
      227000,
      1998.9115646258426
    ],
    "sfx_winlevel_nice": [
      230000,
      1474.2857142857133
    ],
    "sfx_winlevel_small": [
      233000,
      1000.5668934240362
    ],
    "sfx_winlevel_standard": [
      236000,
      1250
    ],
    "sfx_winlevel_substantial": [
      239000,
      2490.3174603174702
    ],
    "sfx_youwon_panel": [
      243000,
      2996.6893424036416
    ],
    "Transition_Sound": [
      247000,
      2054.8072562358184
    ],
    "tumble_win_1": [
      251000,
      821.9274376417331
    ],
    "tumble_win_2": [
      253000,
      821.9274376417331
    ],
    "tumble_win_3": [
      255000,
      821.9274376417331
    ],
    "tumble_win_4": [
      257000,
      821.9274376417047
    ],
    "tumble_win_5": [
      259000,
      821.9274376417047
    ]
  },
  "config": {
        "bgm_freespin": { "volume": 0.7 },
        "bgm_main": { "volume": 0.5 },
        "bgm_winlevel_big": { "volume": 1 },
        "bgm_winlevel_epic": { "volume": 1 },
        "bgm_winlevel_max": { "volume": 1 },
        "bgm_winlevel_mega": { "volume": 1 },
        "bgm_winlevel_superwin": { "volume": 1 },
        "jng_intro_fs": { "volume": 1 },
        "sfx_anticipation": { "volume": 1 },
        "sfx_anticipation_start": { "volume": 1 },
        "sfx_bigwin_coinloop": { "volume": 1 },
        "sfx_btn_general": { "volume": 2 },
        "sfx_btn_spin": { "volume": 2 },
        "sfx_fs_respins": { "volume": 1 },
        "sfx_multiplier_combine_a": { "volume": 1 },
        "sfx_multiplier_combine_b": { "volume": 1 },
        "sfx_multiplier_explosion_a": { "volume": 1 },
        "sfx_multiplier_explosion_b": { "volume": 1 },
        "sfx_multiplier_explosion_c": { "volume": 1 },
        "sfx_multiplier_landing": { "volume": 1 },
        "sfx_multiplier_reset": { "volume": 1 },
        "sfx_multiplier_up": { "volume": 1 },
        "sfx_multiplier_update": { "volume": 1 },
        "sfx_multiplier_win": { "volume": 1 },
        "sfx_reel_stop_1": { "volume": 1 },
        "sfx_reel_stop_2": { "volume": 1 },
        "sfx_reel_stop_3": { "volume": 1 },
        "sfx_reel_stop_4": { "volume": 1 },
        "sfx_reel_stop_5": { "volume": 1 },
        "sfx_royals_landing": { "volume": 1 },
        "sfx_scatter_reveal": { "volume": 1 },
        "sfx_scatter_stop_1": { "volume": 1 },
        "sfx_scatter_stop_2": { "volume": 1 },
        "sfx_scatter_stop_3": { "volume": 1 },
        "sfx_scatter_stop_4": { "volume": 1 },
        "sfx_scatter_stop_5": { "volume": 1 },
        "sfx_scatter_win": { "volume": 1 },
        "sfx_scatter_win_v2": { "volume": 1 },
        "sfx_superfreespin": { "volume": 1 },
        "sfx_symbols_landing": { "volume": 1 },
        "sfx_wild_explode": { "volume": 1 },
        "sfx_winlevel_end": { "volume": 1 },
        "sfx_winlevel_nice": { "volume": 1 },
        "sfx_winlevel_small": { "volume": 1 },
        "sfx_winlevel_standard": { "volume": 1 },
        "sfx_winlevel_substantial": { "volume": 1 },
        "sfx_youwon_panel": { "volume": 1 },
        "tumble_win_1": { "volume": 1 },
        "tumble_win_2": { "volume": 1 },
        "tumble_win_3": { "volume": 1 },
        "tumble_win_4": { "volume": 1 },
        "tumble_win_5": { "volume": 1 },
        "Pop_up_Sound": { "volume": 1 }
  }
}